subreddit,comment,comment sentiment
nba,REPORT: Water is wet.,neutral
nba,*michael jackson popcorn gif*,neutral
nba,[the only reason anyone knows who Jared Dudley is is because Ben Simmons said his name. The last time he made headlines was 5 years ago when he was dumped at sea by the Bucks for a 2nd round pick. Let this guy‚Äôs talent do the talking.](https://imgur.com/gallery/HYke9sc),negative
nba,So you‚Äôd say 26 year old Buddy Hield isn‚Äôt a part of the Kings young core?,neutral
nba,Oh I didn't know I was just going off that comment lol,neutral
nba,You gotta have double new lines for it to work I think,neutral
nba,"That‚Äôs not how it works and you know it. If ditch diggers made a billion dollars a year then you would get the absolute best of the best possible. 

NBA refs might be the best refs under the current system, but I guarantee there are people that could do a better job, but it isn‚Äôt worth it for them to do so.",negative
nba,one two three four!!!!!,neutral
nba,"It was a big thing circulating this sub after the rockets last regular season game with him as ref, but posts like this stomped it out after a few days",neutral
nba,"I agree. 

And he is so underrated.",positive
nba,I just got a 29 on the ACT. Been excited asf all day but haven't told a single soul yet.,positive
nba,You can't seriously think this is rigged for the Warriors when the refs let players maul Curry off ball the entire game. Curry would easily be shooting 14 free throws a game if the refs were trying to rig it for them.,negative
nba,"Let's calculate how much we have to make the three worth to get to this. If it was worth 2.675 points instead of 3 would we achieve the perfect harmony of offensive strategy? 

Let's go all out and embrace the video game world. The NBA and video games seem to have the same general audience already, why not further blur those lines? 

Getting back to back blocks on the same player in the same possession gives your team a red shell and automatically forces the opposing coach to sub out that player in shame at the next dead ball and keep them on the bench for at least five minutes of game time. 

Maybe add rewards for consecutive made shots of the same type being worth more or less. Hit three ""three's"" in a row and unlock a holographic power star. Power stars grant you +1 points per made shot, +0.5 points per assisted shot, and immunity from foul calls for 30 seconds. 

Lastly golden mushrooms, players that get a golden mushroom have to take it and play the next game.",neutral
nba,"youre reasoning for picking that group is incredibly poor. those guys didnt win those games either, thats the point. harrells the only one who had a major impact",negative
nba,"Mirotic on the starting lineup, we'll need Jaylen, Tatum and Morris to go hard on him off the dribble.",neutral
nba,I love melo nothing but respect but we don't want him,negative
nba,"i literally just linked the video, we dont need a screenshot. Look at what harden does to his left foot before curry lands, he moves it back, along with his upper body. 

What kind of dumb response is this",negative
nba,"Let‚Äôs be real, Melo will go to any team that will sign him at this point.",negative
nba,Do the Knicks know?,neutral
nba,San Antonio big ol‚Äô women,neutral
nba,This is great to hear.,positive
nba,Depends on how many syllables are in your last name.,neutral
nba,New York Knicks ruling out a potential return to the Carmelo Anthony this offseason,neutral
nba,"No, he's not.

Is Kyrie part of the Celtics young core?",neutral
nba,"Precisely. Your legs can and will swing, but your body won't entirely move forward several feet. Landing so far forward on a shot is clearly intentional.",neutral
nba,Celtics win. I've seen the game.,positive
nba,"Only the Draymond one was questionable, and even then, you're still not supposed to challenge a jumpshot that way.",neutral
nba,"Feel like Giannis bouta score 55+ lowkey

Celtics in 4",positive
nba,Way to go my dude,positive
nba,"Could be worth a tech if it‚Äôs hard enough. If someone sets up for a charge and you mow them over, chances are they won‚Äôt plant their feet next time you drive. Kinda like throwing heat inside to a batter, they don‚Äôt dig in the box as much for the next pitch",neutral
nba,so steph is finally gonna get some calls?,neutral
nba,"In Toronto Kawhi has been great, he's friendly with team mates and coaching staff, he seems to have been prepping all year to have a serious run in the playoffs, and is now doing that. He went on Ibaka's youtube show. I'm sure he's been the one dictating the load management, but it looks like it was for the best anyway.

Honest question, why would he be acting so different in TO than in SA, especially given that everyone thinks he'll leave TO anyway in the summer?  Do you rule out the possibility that the Spurs organisation did thing(s) that turned an otherwise reasonable tam member into someone who no longer cared about the organisation?",neutral
nba,Can‚Äôt you just go along with the ‚ÄúPaul Pierce bad‚Äù bandwagon?,neutral
nba,somebody who wants to watch the world burn,negative
nba,The raptors went for a high five and Vince left them hanging. It was super awkward for everyone involved and they really just want to move past it.,negative
nba,[Here's](https://www.youtube.com/watch?v=eNpw10V1jL4) footage of Knick's brass receiving word  that Melo is considering returning,neutral
nba,"Yeeeeup. The ultimate bridge burning. Its very condescending to say as a rival fan, but I assure you, I will remember.",negative
nba,/u/whoisryan_ has spoken üßö,neutral
nba,"Great job, seriously! Where are you applying?",positive
nba,If you guys don't get KD and Kyrie you'll be tanking anyway so why not,negative
nba, Bring him back! On a vet min though lol,positive
nba,So basically no one in my lifetime or yours. Let's have this conversation again 2119 and see how it goes.,neutral
nba,New York Knicks ruling out a potential return for Carmelo.,neutral
nba,That‚Äôs 2 more rounds than Lebron will ever get to in a Lakers Jersey.,negative
nba,The Warriors right now basically need 40 from KD in these games too.  They're both very beatable by any of the East teams left this isn't the past couple of years.,neutral
nba,"&gt;Feels like he‚Äôs destined for first ballot.

Inject this into my veins",positive
nba,"Wow, that stat of him getting 3x as many three point fouls as anyone else in the league is eye opening.",neutral
nba,There‚Äôs literally hundreds of souls in here.,neutral
nba,"This assumes that the only difference between wide open shots and contested shots is the need to desire to draw fouls. It is also plausible that contested shots need more power, arc or something else compared to a wide open shots. SC's argument would be more convincing comparing other good shoots (say, Curry, Durant, Klay, among others) and comparing there contested versus wide open shots. Otherwise, I don't think we have convincing evidence.",neutral
nba,"And when that fails, Joker and Murray‚Äôs pnr is so OP. There‚Äôs been sequences this year when those are the only two to touch the ball minutes on end.",positive
nba,That‚Äôs why rondo two pieced his ass,negative
nba,Did melo stay in shape while at of the league yes or no? I doubt he did lol,negative
nba,He‚Äôs 26... why would he be?,neutral
nba,No way Denver beats Houston,neutral
nba,"""Now they're saying that it was not a fact"" - Marv Albert",neutral
nba,"The ratings are indicative of Lebron not being in contention. The guy with, by far, the biggest name in American sports is on vacation. In a sport driven by superstars.

It is what it is, you don't have to reach into your big bag of feelings to deflect and find reasons to dislike great basketball.",neutral
nba,"missed game 1 because I didn't know how early it was gonna be on sunday, excited for this one today. Some good ball in the second round so far.",positive
nba,"I imagine in his mind he has decided to keep coaching until the end.

If my wife died I‚Äôd kill myself.
This guy has more strength than me",positive
nba,We aren't talking about whats annoying we are talking about what the rules are.,neutral
nba,He can help you tank another year when KD and Kyrie don't sign with you.,negative
nba,He's always been bias towards lightskins,negative
nba,"If you or someone you know is contemplating suicide, please do not hesitate to talk to someone.

**US:**

Call 1-800-273-8255 or text HOME to 741-741

**Non-US:**

[https://en.wikipedia.org/wiki/List_of_suicide_crisis_lines](https://en.wikipedia.org/wiki/List_of_suicide_crisis_lines)
 
 --- 
 
^^I ^^am ^^a ^^bot.  ^^Feedback ^^appreciated.",neutral
nba,Im just waiting for the Rockets game tbh,neutral
nba,"demanding a full max, and settling for a ""smaller"" 20m per deal, how can you not rule out a return?",neutral
nba,Lol he's 3 years older than Ingram.,neutral
nba,If you're within 8 pts over or under for each player and correct in your prediction I'll buy you a 76ers jersey of your choice,positive
nba,Oh boy. This is gonna be a total shit fest!,negative
nba,Islanders are bigger than Rangers for a lot of people,neutral
nba,"Mid range jumpers are the most inefficient shot in basketball. If you step back it's worth more points, if you scoot up it's a layup. KD notwithstanding",neutral
nba,"And that was your daily reminder that this sub is filled with kids. That said, I think that's a decent score but I can't give a credible answer because I never took it.",neutral
nba,Assist% and TOV% are completely unrelated stats that shouldn't be compared to each other,neutral
nba,Zach Lowe is a great podcast. Bill Simmons is good when he talks about the NBA,positive
nba,Is this your MVP?,negative
nba,"If you're admitting that we have a better core, how do you have a better roster when half of both our rosters is essentially these young players? Plus we have LeBron and still have cap space as well. Considering you're losing a pretty key piece of that roster if you do sign two max stars also.",neutral
nba,"Lakers probably, since when is Harrell part of the Clippers young core?",neutral
nba,"I heard somewhere Giannis was like 0 - 10 on layups last game. That‚Äôs crazy, Horford really turns into bill Russell with a 3 pointer during the playoffs",negative
nba,Looks like the Celts will be cruising into the Finals,positive
nba,This feels like a game 7 fuck,negative
nba,"Honestly, wouldnt even be mad. Guve him another.",positive
nba,"WTF, TRAVELED, RIGGED, HOWS THAT A FOUL, MORE FREE THROWS, FUCK THE REFS, GIANNIS LUL, HORFORD SONNED HIM, GREEK WEAK!. Did I miss anything",negative
nba,Sga averaged 5/1.5/4 in those two games and shamet averaged 9/3/3.5,neutral
nba,"No one has the ability to match the movement in such a short time. If he steps back, then shoots while kicking his legs forward, the defender would have to move forward to contend, then jump and kick their legs backwards.",neutral
nba,The actual problem is that your star player needs basically the whole court as his landing space with the way he jumps. Hard to evade that shit.,negative
nba,At this point Melo couldn't even play with Syracuse if he wanted,negative
nba,"I think he learned his lesson when this bullshit made him mvp. 

May not have been a good lesson but he sure learned it",negative
nba,"I love Kawhi(and the Raps a lil too by extension), but Lowry is just too inconsistent and goes blanket quiet  at the worst times. You may be right tbh",negative
nba,"Damn, he got ya. Can't argue with that",neutral
nba,A team of 5 all-stars would be a contender? Hot fucking take,neutral
nba,"&gt; How do you do a background check on something like this? It literally came out of nowhere. No one could predict that.

While I agree in this instance, often in these scenarios, you hear about it ""coming from nowhere,"" but in reality, rumors or straight-up evidence has been swirling around for a long time.",neutral
nba,Smart way to make a return,positive
nba,Shooting fouls aren't the only fouls,neutral
nba,Cs 111 Bucks 107 It's gonna be a battle against the refs tn,negative
nba,Damn every game is full of cheaters then,negative
nba,He is the definition of a hot head.,negative
nba,Lol to be young... When you think somehow when you are 26 your opinion becomes the majority opinion.... FYI when you become 26 most people will still think of you as a child in the adult world.,negative
nba,All news sites are entertainment sites that‚Äôs how modern news works,neutral
nba,"The Rockets will be benefiting greatly tonight from the refs, cause the league definitely wants a 6 or 7 game series.",negative
nba,I honestly expect the Bucks to come out swinging hard and put it on the C's in the first half. But we shall see. Go Celtics,positive
nba,game actually starting on time?!?!,neutral
nba,"&gt;The tech boom is hitting Los Angeles too though

It's growing pretty rapidly. I think Curb'd had a pretty good article, or some site, essentially, there's a huge skilled workforce in LA that hasn't been tapped like in Silicon Valley. The big giants figured why not capitalize on that.

Amazon just moved into the steps. Google is moving into Westside Pavillion. Facebook, Yahoo, and Google are in Playa Vista

I'm sure Netflix has an office in LA, which brings up even another big point about how these tech giants have already moved into media with their own streaming services.",positive
nba,"The warriors assembled a team that is more or less impossible to beat by conventional means, so a team came up with a system that has a shot at beating them a different way. I don‚Äôt want to see it as a long term trend across the league but I respect that they came up with a creative solution instead of rolling over",positive
nba,He doesn‚Äôt want Morey to cut him,neutral
nba,"Why are people not liking this, the knicks want to tank",neutral
nba,I think Giannis goes off tonight.,positive
nba,Dude is super raw but has so much potential with his athleticism. Unfortunately I feel some things he does just make him seem like an air head so who knows if he will work out,neutral
nba,If Giannis drops 55 tonight i‚Äôll buy a lakers jersey,neutral
nba,"I mean, Pop named himself Spurs head coach so it makes sense that he should decide when to stop, too",neutral
nba,"Agree 100%. The Warriors should be so easy to root against with the stacked team, but on the court they're all amazing players playing the game the right way. Harden ain't even trying to make shots anymore, he tries to draw fouls with weird motions and exaggerations and if the shot actually goes in it's a bonus.",negative
nba,"That's dope man congrats.  Never took the ACT, only the SAT, but iirc from that period it's a really good score",positive
nba,"I know, my point is if Harrell was drafted where he deserved to go (lottery) hed still be on his rookie deal",neutral
nba,"Averaging 34/9/9 across something like 22 postseason games, the most 40-point games in a single postseason run, the 51/8/8 game... one of the craziest playoff performances I‚Äôve ever seen.",positive
nba,KD confirmed. Don‚Äôt think he makes this return otherwise.,neutral
nba,"Your example is different. A better example is speeding. A speed limit exists, right? But 95% of drivers go over the speed limit, because the punishment is sporadic and limited. Police have decided not to strictly enforce a speed limit, and now everyone breaks the law every time they get in the car. 

Rules that aren‚Äôt enforced properly may very well not exist at all.",negative
nba,needs at least 1000 rings to be considered,neutral
nba,I'd honestly love for the knicks to give melo a nice sendoff for his career.  But he doesn't fit our timetable right now. Maybe 3 years ago,positive
nba,Why does Al Horford hate Milwaukee so much?,negative
nba,Snakes shed their skin. KD would be leaving behind a copy of himself in the Warriors as he goes to the Knicks,neutral
nba,Except today of course they decide to start right on time because fuck consistency,negative
nba,Yeah no one tries to steal the ball from the ref on a dead ball more than cp3 lol. And he‚Äôs a dick about It too.,negative
nba,Well that‚Äôs a fucking wonderful start,negative
nba,I can't live in a world without Pop.,positive
nba,why does this sub not like Webber as an announcer?,neutral
nba,Cuz he a punk!,negative
nba,There was enough noise that both Jalen Rose and Dwyane Wade felt he was done with the team before March.,neutral
nba,So it will be just like every other game for Steph.,neutral
nba,"Lakers

I love how these Clippers play, but that young core's ceiling is the second round of the playoffs imo",neutral
nba,If the Bucks seriously made no adjustments I fear for em,negative
nba,Nobody is more insecure than your toxic fanbase.,negative
nba,"Some people were really getting worked up over the ‚Äúno adjustments‚Äù talk for no reason

Hopefully this works. I think it will help",positive
nba,Ah fuck we drew Marv,negative
nba,Change the name to Compton Crippers,negative
nba,Please don‚Äôt bring this back,negative
nba,And already missing open 3s,negative
nba,How about the one who comes out of the series,neutral
nba,Are we giving him a 1 day contract so he can retire a knick ? Then im in. Jamaal charles him.,positive
nba,There are like ten people in this world that LeBron considers greater basketball geniuses than himself. Messina is one of them.,positive
nba,I am gonna shitpost so hard if the celtics get off to a fast start,positive
nba,"Leaning into pitches is better than swinging but little mark ass bitches cant take hits from fastballs all game.

(I am aware they are professional athletes and not mark ass bitches)",negative
nba,"Did you just so happen to forget that Klay undercut Harden multiple times on legitimate fouls as well? Or most importantly did you conveniently forget that the Warriors had Zaza when he did the dirty play on Kawhi which actually took him out of the playoffs?

&amp;#x200B;

Not disagreeing with you that Harden did undercut Curry on one of them, didn't see the CP3 one to judge but you cannot be serious with a Warriors flair saying all of this and put yourself on some sort of pedestal, it's quite ironic. I don't believe for a second that Klay, Harden, or CP3 were intentionally trying to hurt anyone on their undercuts in game 1 but I do believe that a Zaza intentionally tried to hurt Kawhi, which is what makes your post extremely funny to me.",negative
nba,"He‚Äôs a Houston fan, that‚Äôs literally all they think of Dallas",negative
nba,Yeah you‚Äôre right they should‚Äôve had the baby and raised him in a dysfunctional household,negative
nba,I like how these playoff games have been starting on time.,positive
nba,He's already tied with him.  Next year Carter has the record all to himself.,positive
nba,He would be a good tank commander but they should really just let their young players get more time if they want to tank,neutral
nba,"&gt;2nd worst average ticket price

Like as in very low, or very high?",neutral
nba,Is embiid considered a part of a young core?,neutral
nba,"I just want a fair chance, man. Just call the game the way it‚Äôs supposed to be called and we‚Äôll live with the results.",negative
nba,The difference is real news sites bear the burden of credibility. Bleacher report doesn't have that burden because at the end of the day they're the guys that make funny instagram videos,negative
nba,The Bucks supporting cast need to make their shots to open up driving lanes for Giannis. The Celtics can‚Äôt be allowed to walk off Giannis like they did in Game 1.,neutral
nba,"What? Where are you getting that they score at a similar rate? Per 100, per 36, and per game Kawhi scores significantly more than Kyrie, in both the regular season and post season",neutral
nba,Genuinely talks tio much. He‚Äôs trying but he‚Äôs just not very good unfortunately,negative
nba,I'd rather see the Knicks get Jeremy Lin back.,neutral
nba,Home state university. Need all the scholarship help I can get lul,neutral
nba,"i actually like giannis and the bucks more than the celtics, but there would be something sweet about a celtics upset and having to watch the giannis mvp contingent in the media try and explain that away",positive
nba,Why am i so nervous,neutral
nba,Bledsoe is so bad,negative
nba,I can see him adding some in actually since everyone expects drive or 3 now. No one will expect the step back 2.,positive
nba,KD's backup plan. 4 year max,neutral
nba,"Everyone is saying Compton is a great idea, and honestly, theyre definitely wrong. Compton is a neighborhood. If the Clippers want to claim a part of LA, and still have a sizeable fanbase, they should claim the San Fernando Valley. Not many people know this, but if SFV was considered its own city separate from LA, they would be the 5th and 8th most populous cities in America. It's a twin metropolis. Add on to that the fact that there is no sports team that represents SFV in any pro league and it seems like a no brainer to me.",neutral
nba,That doesn't matter. He's still 3 years older than Ingram.,neutral
nba,I'm not saying he isn't part of a young core because of his contract. I'm saying it's because of his contract *and* his age.,neutral
nba,Because he‚Äôs just as shit as the other refs.,negative
nba,Low. While they play in the same building as the lakers who IIRC are top 3,neutral
nba,"Me, Lebron James and Michael Jordan watching this game in our rooms. Good to be among goats",positive
nba,Way off? Chill Marv lol,neutral
nba,He knows where the bodies are,neutral
nba,Nobody ever missed a free dunk by being nervous.,neutral
nba,It‚Äôs gonna be the Dead Sea,neutral
nba,"&gt; i dont know why you would conflate basketball with civil rights- it seems disrepsectful

Yet again, I'm not doing that. I won't give you too much flak for having poor reading comprehension, you're only 16, but try to keep up.

If you so confidently assert that ""knowing tons of basketball history before my birth for teams that i dont ever root for is not that usefull"", you have absolutely no reason to ask this question in the first place, since the inevitable answer will be about the basketball history you deem useless.",negative
nba,peak Celtics vs Raptors is gonna be a great ECF,positive
nba,"Yes, I understand the optics of it. But if they have evidence they're giving, I understand why they would care less and feel frustrated with this idea.",neutral
nba,I know but I‚Äôll take that over a contested step back three all day,neutral
nba,Seattle is refurbishing an arena in a traffic nightmare zone.  They could have a new fully privately funded arena but the port bought their city council so they don't.,negative
nba,"confirmation bias from a warriors fan

most of the people ive seen are saying that the rockets are a bunch of flopping crybabies who need to shut up. and i'm on the rockets side. my perspective is also biased.

make sense?",negative
nba,"Damn. I don't remember any of that. I'm 26, so I'm old enough to remember it, but I was a pretty casual NBA fan at that point. Thanks for the history lesson.",positive
nba,The Dallas *Ft. Worths*,neutral
nba,You don‚Äôt go flying 3 extra feet forward when you‚Äôre taking a step back 3,negative
nba,Tatum needs to drive more,neutral
nba,make a fucking 3,negative
nba,"Wait a minute, did an NBA game just start 2 minutes after it's scheduled to start?? I don't think I've ever seen that",neutral
nba,Tbf officiating has indeed been shitty all around the past two seasons. Very arbitrary with no real standard.,negative
nba,You gotta form a fucking wall.,neutral
nba,"Oh no, not this start again",negative
nba,because if u lose it will be a rly hard series,neutral
nba,"This is a horrible comparison

Curry &gt;&gt; Dame

Klay = Oladipo

KD = Giannis

Draymond = Booker

Center &lt;&lt; Embiid",negative
nba,Because they also have Lou Wil on a cheap contract and they can get 2 max contracts. One team made the playoffs and took the warriors to 6. The other gave up and finished as a lottery team despite having the best player on the planet.,negative
nba,The same reason your school doesn't fire the teacher just because all the kids think she's mean.,neutral
nba,"Worst shot in basketball 

So analytics",negative
nba,he was just shut down by the jazz in that nasty 0-15 game,negative
nba,"There really needs to be an avenue for NBA players to discuss and voice their problems with officiating without being fined. We can't get a solution without that. If you keep fining players for talking about officiating, and you don't even give them a chance to say something, then how can we ever get to a solution?

So yea - First things first -  there needs to be transparency and an open avenue for discussion - then we can talk about the specifics of calls/fouls/rules/etc. afterwards.",negative
nba,Thank you! Wrote a similar comment! I'm glad your comment is this high. We don't have enough evidence to conclude SC claim is correct.,positive
nba,Because the referees have a union.,neutral
nba,"Unstoppable is probably the wrong word. If the refs call it a foul, it is *unguardable*.

Because when he steps back, you have to mpve forward to contest the shot. But then he is jumping/kicking his legs forward. And if thats going to be called a foul, the defender can only foul or not contest the shot.",neutral
nba,"Every once in while I get the urge to chime in on one of these anti-CP3 threads to tell this story and ask for help tracking down this segment:

Several years ago (pre-2014), I believe it was on Zach Lowe's podcast, a sportswriter (I want to say Arnovitz, but I'm not sure) relayed a story about interviewing CP3 where he got into a tense back-and-forth with CP around a series of 'spirit of the rule' type questions where he was asking him about whether or not he thought flopping, grabbing arms, and otherwise trying to do 'illegal' things on the court was 'moral' or within 'the spirit of the game/rule' and the sportswriter got really frustrated because CP was pretending to not understand the concept and conflating 'getting caught' with 'doing wrong'. Essentially, CP seems to believe that what makes a thing 'bad' is whether or not you are caught doing it. 

You can understand so much of CP's career in light of this comment. From the punching of dicks, the flopping, his routine excessive contact, etc. all of the things people dislike about CP are summed up in that exchange. He's an immoral, dirty basketball player that most importantly **should not be president of the NBA players' union** because he routinely shows little to no respect for his colleagues, as evidenced by his on court behavior.",negative
nba,Yea...Bucks nervous as fuck.,neutral
nba,The Los Angeles Clippers of Anaheim of San Diego in Laguna Beach,neutral
nba,Ice Cube is no different than any insecure Laker fan. Why is this washed up clown‚Äôs dumb opinion even being valued enough to be on the front page?,negative
nba,Is shoplifting the same as cheating?,neutral
nba,"The Phoenix ""Fuck it's hot""",neutral
nba,Imagine if Steph refused to shoot 3s. Dude was known for dunking and fans went to games just to watch him dunk.,neutral
nba,I dont see how contract plays into it at all,neutral
nba,literally everyone outside of boston likes giannis and the bucks more than the celtics.,neutral
nba,"So whataboutism, telling me what I know based on your OPINION, and sticking to the logical equivalent of ""just stop being poor"".

And continual demanding of something you can't even prove exists.",negative
nba,"Are you trying to draw an analogy? Because I don't think it'll work

edit: If y'all think that the only way that an NBA ref can be fired is by being Donaghy 2.0, then I don't know what to tell you",negative
nba,Jesus Christ Marv Albert is so bad. He is senile.,negative
nba,"GL, those ACT scores can help.",positive
nba,There were a number of wide wiiiiiiide open threes that the Raptors missed. Raptors had 24 wide open threes (6+ feet of space) and shot 29.2% on those. You guys played great defense at times but it was more that the Raptors had a terrible shooting night.,negative
nba,Not sure that will happen lol. Saving this post so when the dust settles we can talk basketball. Good luck and let's hope everyone stays healthy.,positive
nba,They're not a young core anymore. Simmons is the only young player left.,neutral
nba,He aint got no blood clot tho.,neutral
nba,"Wild, was super surprised",positive
nba,Marv come on man. It‚Äôs time to retire,negative
nba,Feet and hip stay aligned.  Harden sitting in people's lap after his shot,neutral
nba,Fucking hilarious actually. Fr tho I know it's s real verb lol but i hardly hear it in that context irl,positive
nba,BART police is on the case.,neutral
nba,Bruh did he call Lopez Mirotic ? Lol,neutral
nba,This sub sounds like little bitches crying about the refs for days.,negative
nba,2 minutes in 5 minutes past??? How did this start so early?,neutral
nba,Explain why it doesn‚Äôt work,neutral
nba,wasn't tatum just being guarded by Middleton? how is that a mismatch?,neutral
nba,HOW THE FUCK you call lopez Mirotic LMAO,negative
nba,"The same reason why the Mets will never be New York's team. 

History is important and the Lakers are top 2 in that regard next to the Celtics. Clippers have no good history.",neutral
nba,yeah that was mirotic,neutral
nba,Does history not exist to you? Did WW1 not happen because nobody is alive who was there for it?,neutral
nba,LeBron was legit MVP that year.,positive
nba,what exactly is your timetable,neutral
nba,I‚Äôm sure I could dismantle you by checking out some of your quality posts on this sub but why bother? I guarantee your ‚Äúinsights‚Äù are at a 9th grade level tho,negative
nba,Let's just sprinkle some crack on him and get outta here.,negative
nba,My analysis so far: Marv Albert is senile,negative
nba,Because he's a fucking idiot,negative
nba,"GoT and TWD are fantasy shows that tackle some Big Themes in ultimately shallow ways, where a large part of the tension comes from the fact that almost all of the characters are, in theory, in danger of being killed off. Thrones is better for various reasons but it isn't and never has been ""high brow"" entertainment, and the assertion that it didn't live up to the doorstop it was based on because they didnt have 30 seasons to fit the story of every character's cousin's magic codpiece into the show on is irrelevant. 

&gt;pandering to people like you

&gt;Congratulations on enjoying this inferior product though

lol have you ever used the word ""sheeple"" unironically? I dunno if you're young or just one of those unbearable asses that managed to reach adulthood without ever gaining much self awarenes, but I hope that someday you realize that you arent the enlightened arbiter of taste you might think you are.",negative
nba,I'll take him over Hubie any day.,positive
nba,"That's a completely separate issue. 

The ref is missing a call... that call being the player intentionally breaking the rules (i.e. cheating).

If intentionally breaking the rules to gain an advantage is *not* cheating in your mind... what exactly is?",negative
nba,You know its important to get that out of our system we don't wanna simmer on it all game long until it boils over.,neutral
nba,I hate Chris Webber as an analyst. He always biased for certain players and gets hyped about small things. It always seems like he's talking from a sheet of paper.,negative
nba,Yeah slight difference being I'm not talking about comment sections. I'm talking about the actual networks. Comment sections are obviously going to be split.,neutral
nba,If they beat gsw in a best of 7 I think it would elevate them there. I'd already call them heavy favorites against the bucks... Maybe not raps but eh I'm biased,positive
nba,Because as bad as the current refs are the ones that would replace them would be worse and less experienced and more prone to emotional reffing and inconsistency. The real issue is the lack of the league putting in effort to pressure or help the refs get better.,negative
nba,Morris the heart and soul?  Mr. Consistent?  Bruh,negative
nba,Make your god damn threes dude,negative
nba,That‚Äôs not how it works and you know it. If ditch diggers made a billion dollars a year then you‚Äôd get children of politicians and the wealthy elite.,negative
nba,Dirk nowitzki on the Bucks so soo good. Game changer,positive
nba,Alright guys it's time to bring Marv out behind the shed,negative
nba,2 TO by MIL already,negative
nba,I'll bet my money on LBJ all day.,positive
nba,We win a chip sometime before I die.,neutral
nba,Bledsoe is awful jesus,negative
nba,He's staying in the rules so he's technically not cheating.  It's just shitty visually.,negative
nba,Got a nice haircut though!,positive
nba,nice shitpost just before the game lol,neutral
nba,Everyone does it but harden just happens to get 3x the calls? Get out of here with that bs everyone is bad excuse,negative
nba,ohh i just saw the link under me lol,neutral
nba,Why can‚Äôt we just teleport Harlan from game to game :(,positive
nba,Who gives a shit,negative
nba,Nah... I‚Äôm not a Cavs fan or a LeBron fan and I blame JR. I love JR Smith... but he broke the golden rule: Don‚Äôt fuck up.,negative
nba,Because you're on the basketball subreddit asking about basketball history.,neutral
nba,At least the other refs aren't associated to Tim Donaghy,neutral
nba,It‚Äôs a good analogy.,positive
nba,Contract has been signed. It's not like the networks can take back the $27B. It's sunk cost for them. Silver is already swimming in the cash Scrooge McDuck style.,neutral
nba,"Weber and Marv. 

we're so lucky.",positive
nba,Uh did CWebb just say Mook was our consistent player? Lmaooo,negative
nba,"&gt;The other gave up

Damn didn't know losing the best player on the planet for close to 1/4 of the season meant giving up. Didn't know losing our top 3 players to injuries meant giving up.",negative
nba,The refs are supposed to be the arbitrary arm of NBA play. If they fire a ref because popular players like him then the sets a terrible precedent. People would let big time players like Harden slide on fouls because they would have the power to put refs out of a job. Sure players get fined for commenting on officiating but I'm pretty sure Harden is fine with his $228 million contract.,negative
nba,"If the choice is GS winning another Chip or Rockers flopping their way to the Chip. I am hoping for the former.

I hope GS wins this round, and is then beaten in the WCF or Finals.",positive
nba,Clear goaltend. Looks like we're going to be dealing with the same shit as last game,negative
nba,There‚Äôs this thing called YouTube been out for 13 years,negative
nba,When you have Giannis on your team and your strategy is to shoot 3s with Brook Lopez and Mirotic,negative
nba,does this sub ever stop blaming the refs for everything?,negative
nba,fr we need brogdon so badly,neutral
nba,LMA has to listen to him now that he's no longer a lame duck.,neutral
nba,Next game starts at 10:30 and games usually take 2hrs 30 min,neutral
nba,Defense great block? That was a goal tend,negative
nba,Did Marv just call Lopez Mirotiƒá? Yup I think it's time...,negative
nba,"Because a lot of people consider the ""young core"" to be your cost-controlled rookie contract guys , hes just really old to be on a rookie contract .  

On the other hand KAT isnt really part of a ""young core"" anymore even though hes just 23",neutral
nba,webber too. just called morris consistent LMAO,neutral
nba,Boston so lucky to start the game,negative
nba,Please just make it Fred Armisen.,neutral
nba,Do you not know what an analogy is? Have you mastered object permanence yet?,negative
nba,Jaylen Brown just went 3/3 at the line what is this,positive
nba,i dont think it was a goaltend after watching the replay,neutral
nba,His game is revolves around 3s and and1s.  He‚Äôs the smartest scorer in the game.,positive
nba,Kinda sad how hes only a 66% FT shooter. Should be way better,negative
nba,they both have unions. teachers union. refs union.,neutral
nba,It just did though.,neutral
nba,"""Both teams play hard.""",neutral
nba,I think there's something in the Bucks players contracts that says they must choke in the playoffs.,negative
nba,Lol what a shit call...,negative
nba,That was a goaltend.,neutral
nba,The first TNT games always start on time,neutral
nba,That was right above the cylinder lmao,neutral
nba,Offensive foul and clean block. Wow....lol,positive
nba,"Jumping high to avoid a shot is different than junk more forward into the defender.  Defend Harden all you want, just know hes foul baiting and flopping.",negative
nba,Lmao that‚Äôs a clean block,positive
nba,That was all ballüòÇ,positive
nba,He played PF plenty and sucked there too,negative
nba,"**Replays/alternate angles**
                        


*I am a bot, and this action was performed automatically. Please [contact the moderators of this subreddit](/message/compose/?to=/r/nba) if you have any questions or concerns.*",neutral
nba,Drew Bledsoe coming in hot.,neutral
nba,"Other refs arent proven to have fixed games, though.",negative
nba,"Marv Albert must have had a hard time with the T-Ro/Bledsoe conflict last year.  I can't imagine how hard it was when ""they"" were saying that his name is Eric, not Drew.",neutral
nba,Giannis 3s what i like to see,positive
